sample_id,Genomic Instability,Telomere Attrition,Epigenetic Alterations,Loss of Proteostasis,Deregulated Nutrient Sensing,Mitochondrial Dysfunction,Cellular Senescence,Stem Cell Exhaustion,Altered Intercellular Communication
S0000,0.9119867441715028,-0.19933487243327247,-2.434870118875185,0.14762205012261317,-0.8902385202338026,1.1550046501023543,-1.8040229788757693,-1.4942458051936678,-0.8542292244122478
S0001,0.34946421910759695,1.066659072522131,0.4393539023911638,0.2153577746390267,0.950708369253117,0.36813818023019707,0.5764334084602939,1.634630731051626,-0.37017827819632304
S0002,0.847588731219964,1.8332916311425613,0.47906180752273275,0.9679319693449697,1.753751543446952,1.646326160918175,0.2777271013176442,1.2908111253505408,1.478979894948919
S0003,-1.3677631881966321,-0.9938145295874459,-0.7496951857333639,-0.9347421971709542,-0.35840937626246944,-1.3241464851080935,-1.9069003261934827,-1.5624316618267629,-1.3623947227745123
S0004,1.707193792848689,2.4337145396541895,-1.1919792374991016,-1.7763728247289845,-1.4733064304980013,-0.6014108365882164,0.5905020680410572,0.9756533465759627,0.8132355130742361
S0005,0.08493390850960494,-0.7741908558507633,-0.4731524213222317,1.5993986697819902,0.34563562585651675,0.13483645271663433,-0.8600760710462688,-1.1767060885674978,-0.9887890431687448
S0006,0.1693298954915961,-1.1070008810291652,-0.44616520262499026,-1.2849357018621057,-0.7698411357463465,1.201773215884173,-1.6936326947026499,-2.349990834481046,-0.174715726933374
S0007,0.6115811773760176,-0.12668759879397937,-0.38869228542594153,0.30066584319724027,-0.2563342457882063,0.5599327978473169,-0.8554800196464396,-1.5976081573697225,-0.9183888586314514
S0008,0.5773722243953396,0.6559263693386999,-0.3659418537664438,0.2521772743856806,-0.6868348371291219,-0.37493349328313114,-0.7070781518616625,-1.8145773623145303,-2.9301353175615716
S0009,1.3903288620422363,1.4451722572348906,0.7103172177366855,0.5005462415485741,0.7014756473219623,0.722125485716835,0.8632004935212618,0.43719802567698496,-0.12588501696504922
S0010,-0.5977233674400472,-0.8298912508337484,-1.1036438769361878,-0.4070702938909363,-1.6235277414587377,-1.8904728450974404,-0.2642748290026756,-0.6438499833355541,-0.1305653494131352
S0011,0.33588747374861916,0.6731398119194035,1.3391692640321333,2.040376358404246,1.6847181685910504,1.8540470229471204,0.8396702307466971,-0.15349025688437307,1.1771821239140616
S0012,1.4388447115645848,0.8508769922294608,0.6741705488181937,1.908547241026774,1.1518008926602041,0.26937034680353067,1.827307806898104,1.6404330411641157,1.2474612157417644
S0013,0.208036213952507,0.5917330838865219,-0.7339604059835787,0.37531507802863623,-0.3600675323489537,-1.1447955327692054,-0.40303751622031003,-0.6661720819166128,-1.5660577681574228
S0014,0.48033685184175934,1.5330208521773971,-0.6800809312497852,2.1990536157570912,1.530106175470798,0.21367473136680004,0.03690653145687467,1.2156265396780377,-1.1008690737159093
S0015,1.9570116267668138,0.4311696770124992,1.2795647107130748,0.016929740502101776,1.753328856412653,1.1638324350747045,0.40855032425453586,-0.08007685982570537,-0.18019571602719783
S0016,1.7437465550763265,2.0910167010660827,-0.4871611788822737,0.8224325541710207,0.29793910756215314,0.6912587309129903,2.0128122627864236,2.347786835742012,1.1868365023133458
S0017,0.4272322116770929,1.4492032397002126,0.8973624763227197,1.6032659144377905,0.45435844006790393,0.2803798646704625,1.141765112681079,0.4919593953136761,0.20774820534499916
S0018,0.8440342320989441,0.9454447647319382,0.25176781380177105,-0.7358910756686877,-0.7418383550953047,-0.6358876470985513,0.5174398679708707,-0.21640197317713175,-0.2496623006316705
S0019,-0.2632801164295604,0.6014229461107622,0.4260333079431725,0.3999112762540328,0.229434444975384,0.03126606389957454,1.4642729864267774,1.6281178081738905,1.8245447339713272
S0020,-0.21488673495513433,-0.7121777113098198,-0.3747100725368214,-1.898132856755608,-0.5723475389915187,0.8657315175566445,0.016657818551660236,0.16660090468777883,1.9107442913583157
S0021,0.5837943781165696,0.20802730383202456,-1.009897548641693,-1.152435459050159,0.036186396518620934,-0.4981377768985289,-0.46086155141350893,0.5241279061190766,-0.4603421200457437
S0022,0.8314669175100189,0.7652646337128994,1.6199425354388206,1.4702577954227907,1.4993597731095214,2.197156974108023,1.5845949645870496,1.4672523398693658,1.4068179893861907
S0023,-0.5245106084185722,-1.083351614713789,0.3206179803182043,-0.48925243922558975,1.0337028342987533,0.8091432473655731,-0.4051921594789689,0.7918923810098016,0.7652253253684212
S0024,0.1214008980069822,1.8424344969721869,2.4242088019732626,-1.2739612571081613,-0.6831394279943057,-1.1080118739988922,2.98215517211229,1.3056403395008302,1.1129179176402435
S0025,-0.9633988264501828,-0.4624995208758253,0.9345811438735414,0.7587708017105168,0.5307981085138289,0.34954381900078924,0.8654193899459628,0.4405123473806993,0.8247376319764076
S0026,0.6368174447277501,-0.19117934008378695,1.960813745854689,0.43914907595258157,2.562451678482118,1.1222963003693371,-0.26326082699806663,0.3488708822661788,-0.8822154012148163
S0027,-0.5649893231978841,-0.39538200344798063,0.4981238826684571,-0.109539768356577,0.7418818123030194,-0.08985719335787401,-0.9370973412356347,-0.8206308598617325,-1.3408990316935703
S0028,0.5863093436123434,-0.2896956216661909,-1.2125766567660392,0.3932580164386667,-0.5220485512777148,0.0421011880883464,0.41404363174270686,0.07938360337817914,0.6087907063444817
S0029,1.1579208840320088,0.8903904508513456,0.7847751644330275,0.9724894184452336,0.9381693423918991,1.850520759857534,1.3224415618262497,0.7782052079361428,1.5856215786279182
S0030,-0.3186433917157857,-0.96395249591436,-1.073591755377185,-0.004652725940821112,-0.8611569759431106,-1.2383498456757422,0.2692931134927464,0.26475461914753534,1.374571022898144
S0031,-0.04208196709178855,-1.1529998240192252,2.2402872619973233,1.4284048925829127,2.286228937263317,1.3575103472337207,0.4919693394766066,-1.2231489877172879,0.2309095773746212
S0032,0.6436984324267854,-0.5307905247596916,0.08945195304006115,2.288711630687304,0.4412999779861845,2.6343943898581355,1.0055904949754126,-0.5353561444069792,2.0242187898822315
S0033,1.1660510031964628,1.2495732007288192,0.2585568701703991,0.374604458784648,0.7957521285042903,-1.0389265729234431,0.9970550495694965,0.590018442416483,-1.766874647354313
S0034,1.5481068788919508,0.9749425681950656,-0.6956761702761057,-1.8150484917109562,-1.1234987861100871,-1.7101240936612274,-0.42078920900845806,-1.1833583859302765,-1.9034155960384864
S0035,0.7069628590719325,0.6568048356101431,-0.24323080625653787,-0.9231615759061954,-0.4712661288932902,0.18273800062854825,1.021448654393975,2.086706477294572,2.2364454987927527
S0036,0.7904006005563726,0.35412718471747656,0.9021002880824692,0.6751029512452826,1.3198357531576514,-0.26673381235386373,0.02537748651275032,-0.36127477364516186,-1.499860568011875
S0037,-0.822229724929204,-0.9534683320989212,-0.8068817991431424,0.4308693053908359,0.37608326858986096,0.390613360923181,0.35399315890089433,0.9386056286053874,2.410109087992368
S0038,-0.07218382111954041,-0.4083705373707037,1.022503573695196,1.5647287816952873,0.3368029293569807,0.09823924668508971,0.8299386828670879,-0.6003169549623522,0.408221832714745
S0039,-0.054912348537775046,-0.2076357439349275,-1.5689402971040525,1.5073874010919754,-1.021199871291191,-0.653498833175034,0.2477686224504061,-2.009969395775672,-0.647465746201644
S0040,0.9181799122830533,0.24367300989758955,-0.40186666704480445,0.23039268059080714,-0.8502303756861973,0.9637444619275654,-1.0540433790674326,-2.4315439849385987,-0.1579329872570005
S0041,-0.1489612699577382,-0.09714716931720992,-0.23175765520698235,0.9022224119170874,-0.6690030492518082,-0.060160499714520865,1.0536807363069918,0.41564829791571184,0.7870308870760007
S0042,0.16184273379629027,1.2099717311008487,-0.4699458995526006,-0.612599955719713,-0.5832900216269836,-0.7802182937974198,-0.15150546381956292,0.4744455424069476,-0.5739891818061247
S0043,0.16085333977935917,0.17071745915306336,0.470400250285733,-1.0785664684472234,-0.4674265151773189,-2.0955149820266596,1.2311049828896001,0.41933889099036,0.3478276509890045
S0044,0.6882322007132846,0.2344153564480194,1.2813370585275863,2.679052376912429,1.673004337878667,0.3285672570768755,1.6289501888390623,0.7949732379638768,0.9147716354788948
S0045,0.8714618464403608,1.1724657129709741,-1.203213791129451,-0.3252307183581828,-0.3195780035466427,0.3315823909297436,-1.1309074186065835,-0.2855538597816026,-0.5011918978372765
S0046,1.4908444102090446,0.022349413678436292,-1.5404615690553694,-0.7946694030194577,-1.5859931000156957,0.13984685229353827,1.371987796746813,1.0619413436708256,2.3687291249175493
S0047,0.32290682223864586,-0.1288951391028461,-0.42860771450287105,0.8341541881752335,-0.20709198041514826,0.2701816021942362,-0.2592474226328339,-0.6060026955476029,0.17554382076733932
S0048,0.8337708742421477,1.03400891100023,-0.23751862164941615,0.03668164262240228,0.5008937044287285,-0.292046423072851,0.745551541756021,1.2892931556902787,-0.5347228006627035
S0049,-1.0724701884483192,-1.097435908719404,-1.584438935267958,-0.7582611778815638,-0.938054590827514,-0.38664443963157547,-1.7954441992442534,-1.252583988960636,-0.8839529886803131
S0050,0.05007938539313653,0.21872262716706853,0.508359330418021,1.528471087181388,0.7089038000329917,0.6051613443128698,0.178853222498589,-0.40387484443265714,-0.4106646267651123
S0051,1.7563800154269948,1.1349304276999719,-0.10291804171139404,1.1196611219075827,1.0736061509196666,0.704057617561676,0.5940233839071123,-0.30114688315702487,-0.7741320825598865
S0052,-0.8011884656656222,-0.36429312684223675,-1.9270671733799238,-1.0200483826435318,-1.2968656423565827,-0.9586453675334291,-0.4881289194609873,0.2025440382500304,0.17385444591134033
S0053,-0.6662768902428096,-0.1813667500506075,-0.6105933162965536,-0.7703845103478415,0.07088709193934245,0.2359936599561368,-0.8452971527181165,0.2914983484110556,0.11423394856786431
S0054,-0.17628592088368086,-0.7083061633941901,-0.25813011255682405,-0.5197094558452766,-0.4122380776720227,-0.16503292701838174,-0.7439326288134822,-1.4220519020868811,-0.7912153583279564
S0055,-1.567144598305389,-0.9579669704351352,-0.8120738486144069,0.11950646720711328,0.7826463480746817,0.18723118601992603,0.09459866003778097,0.7501345932687165,1.4749988920476118
S0056,2.0765995766093672,2.1768036284064745,1.1912269065983707,-2.283133427619287,-1.2939154288008883,0.22624800550225127,1.7967894132780604,1.6164633493275313,1.7321978363223194
S0057,-0.546557688207397,-0.28542700350320027,-1.8550914332721395,0.6923342840954265,0.10152618342773742,-0.32413518571390826,-2.324980349084374,-1.659117585633529,-2.394022797626155
S0058,-0.06489544652401119,0.8927069834066539,-0.16764614343552275,0.7249455481740785,0.245286766508406,0.1432061011365417,0.5992776742502084,1.154545678666475,-0.23188880487475794
S0059,0.5765966653504895,0.004996400508986837,0.9539693185357384,0.24438830909563716,1.387258289111743,1.0797067244766303,0.11898484252007013,-0.03376547793360837,0.33545834963861587
S0060,2.1190899081921413,0.36626291316891657,1.0748500079771506,-0.2938173018759301,0.8140077327352329,1.763852298050969,-0.28005228901683377,-0.5550736296237679,0.07883533560747624
S0061,1.1486188803731328,1.1378701342865778,0.33258112247236576,0.43494035208334025,-1.1314931689507621,-1.8219141072095086,1.5732440997017587,-0.05416935715621163,-0.14642243789871462
S0062,1.9566919777278442,1.0282301614298461,1.395496262028766,-0.9552442093312401,-0.07978549476682073,0.4098914116646496,0.5843221034236465,-0.9893910830448965,-0.4347210961851628
S0063,0.31798209006692957,-1.1319886376289063,-2.538709439993613,-0.3705967352249472,0.027906799157213252,0.1513875207214047,-1.3402338870831918,-0.6279767051124265,-0.6342056052664189
S0064,0.38231626750603753,0.5750004988012856,-0.474069945656355,0.7529939752112468,-1.0350432464291976,-0.7100839701921282,-0.4508313268737091,-1.5345188046771405,-1.6267363464369426
S0065,-0.869430976562852,0.20178536699767996,-0.14940974864238188,2.5320232597462993,1.0863651763381248,-0.6196736419461597,0.8335425483608664,0.9112461281171449,-0.39662571463032165
S0066,0.2984368168312389,0.2415157193592291,-0.8812799275013518,-1.50902826340887,-2.502347651194631,-0.1678169914968677,0.9410728817771932,0.2514004639354743,1.8504817949365548
S0067,0.16894183001617646,-0.12576660985292776,-0.0038543899259665115,-0.48578695343537115,0.3119388867888312,0.9993181749038227,-0.021066496976387183,0.3825507713543314,0.9333737918673635
S0068,1.2088266472123752,1.478812128736019,-0.5467784009052481,-1.639093709822734,-0.2944641755341508,0.5839409166577489,0.3020876070490918,0.5282163985098698,0.5207965467686734
S0069,0.3999835908289763,0.6694116061927773,1.4757105604176035,1.403067270067934,2.853569830065314,2.1709239364855515,0.5547907901248639,1.2479414859967444,1.6961761515966334
S0070,-0.38290368187684454,-0.49985046470418654,-0.02855560902078985,-1.8146318194561701,0.4081328444050902,-0.3168899443653974,-1.643961475155659,-0.42025461145274945,-1.546725551596473
S0071,1.61002807761602,0.26756552870031625,0.3194973299266134,-0.5063704751532027,-0.7806424210893771,1.0021301341801225,1.2057620028675675,-0.998408411975789,1.822205983122086
S0072,-0.9812765376019669,-0.5354966232125087,0.41108468490987704,-0.30947437017895857,-1.3868675961905002,-1.4023684611455718,0.7776400719744069,-0.880401734545982,0.3711686203673802
S0073,-0.22740444943740917,-0.33800346471374704,-0.8351301631600584,1.1221705386885468,0.3590601785075111,0.282166054831082,-0.38670936793676064,-0.6188419936733613,-1.0717976790836954
S0074,-0.9491679440118763,-1.7582304622854363,-0.7709441220171582,-0.28906684351978973,0.722842633331855,-0.4624472654995441,-2.0778543754485774,-0.783603774705709,-1.7142511085918908
S0075,1.1363852765054463,1.0952643467437828,1.8062805665798396,2.2487729386285693,1.7941976069256822,2.1827774330732854,2.5346284137117565,0.7054525371903881,2.093302983006742
S0076,1.8790978740244995,-0.5638323020202924,-0.23073656155989228,-0.33918075673825515,-0.2244280849518973,0.5962082712277922,-0.5522381364927542,-1.5146090073275829,-0.9107792917874793
S0077,0.015053763265748518,0.6047465726054355,2.3193483476086416,0.8367358384224044,1.6441480555054055,0.3684365306834617,2.3798034944144875,1.6634024530349278,1.4547880934417574
S0078,-1.1097689704486637,0.06373004495743981,2.210444684274391,0.2645619265054792,-0.05544999837136293,-0.19196610606226103,1.481065625299016,-0.2506445547427081,1.386873762288909
S0079,1.6281036662389219,0.7262112585606894,0.5427534660862604,-0.4674626799441613,-0.7582951823211985,-0.7573012600292245,0.26861128864853334,-1.2446207670383826,-1.3295507713562418
S0080,2.1022171289930647,1.4234307630411773,0.23224678344832747,0.26454503090739034,-0.7682989423049398,0.4993816945949927,1.5848590485819858,-0.964149801687213,-0.41557549229784385
S0081,1.4887047358182806,1.8000737695221825,-0.2727440040431238,0.4894486806675564,-0.46229732355880154,0.10783627118461495,1.197539328969364,-0.1516122137289851,-0.18935602596268641
S0082,0.7214724088201632,-0.8614172137151208,0.906776973578399,1.3335168125354666,0.5199875009418315,0.0756074280389801,1.3189730418259673,-1.4093997722870963,-0.32083149618812984
S0083,1.6182811501558445,1.4212532442745778,-0.06379843028304102,0.4360852946684729,0.7335210866103119,0.4078370120957721,1.4431991595620137,1.4619962356630796,0.5141947721531469
S0084,-0.6312988427599058,-1.033729206978529,0.24685993104485135,-1.5854665459973722,0.5357784701619186,-1.4970119995644144,-0.7398426003447621,0.4323596588196512,-1.0794041829190808
S0085,0.3291132463147137,1.7436578615659508,0.04040030789697199,1.0471756953155613,1.2282371717056129,0.7774316995282667,0.5147405208549465,1.1739940726441815,-0.06296534227457648
S0086,0.07597138388593785,0.20435414709992056,1.1546801058686835,1.3873590607590593,1.039856645896302,2.0713409730280263,1.4505071738201147,0.6504766067090022,2.2682029851302685
S0087,-0.32843772508826724,0.7061925483949206,0.5544613883948106,-0.33543904841100297,0.8890576885647603,-0.6317286144934666,0.6929088772181344,1.9909711370485386,0.5145342870721729
S0088,-0.10259510430375537,-0.8765181149947587,0.23281828251597483,-0.5682028751512733,-0.8447116965031674,-0.25990507474216,-0.816536637308718,-1.8884293144721689,-1.4492514865426664
S0089,-0.9368525460981084,-0.673180695187773,-0.5957476866721214,0.3040123042101106,-1.4640078899406765,-1.8199414657195265,-0.5457332385960945,-1.6242325174629022,-1.4375857331897188
S0090,-0.30971030405700406,-0.7551111050718312,2.7644541456579637,-1.1120855776900922,1.2696313999184212,0.2487720856599092,-0.886535672097828,-0.9437666340021306,-1.040595918058512
S0091,-1.7757538521417373,-2.9526842705175036,-0.851670066695649,1.7222996398321593,1.4884035480849855,0.5225477549412502,-1.838230928583695,-1.5675471702153116,-0.455372238833016
S0092,-0.09606205328262801,0.27105183687028755,0.7486633850337566,-0.5273324853391599,1.0112351482271185,-0.7827825235345087,-2.539185465354149,-1.8156142059073572,-4.355845008209975
S0093,-0.7527387323454354,-1.097827663579268,-1.3592577689995007,-0.747736243355694,-0.8078013297102182,-0.5499108171498632,-1.684275635031049,-1.23847609394384,-0.3371800080910892
S0094,0.241379839260064,2.9593883992980468,-0.03978890814866151,-1.0277670783308417,0.49301617764078515,-0.34647129121520936,1.2708284519293669,3.1448297027686896,1.2376501102199449
S0095,-0.5176170998950268,-0.662587896661053,-1.2919421561356295,0.21543481757057303,-0.2745224732585555,-0.370811136331088,-0.19352109624252403,0.2889636088143112,0.15139866929978396
S0096,0.5430772555320906,-0.6151433951935459,0.178229305702354,0.7029015170218962,-0.6168281114398768,0.9987070686071675,0.14964574713769535,-1.1982789992436524,0.4236024778908444
S0097,0.903591775502185,-0.0399308392438498,0.20754147255087085,-0.38187560138700666,-1.1499138751309768,0.33113162742744523,-0.4414510041509505,-1.191503302647173,-1.1520256920295882
S0098,1.5213399270962613,0.5876472938974614,-0.3173178146263571,0.5869905215497242,-0.019481223412901455,0.9535537654525988,1.321595866250627,-0.5096526883296325,0.8309404358967212
S0099,-0.33744163088757084,0.7265494186976826,-2.5922754106565717,-1.2388021234006288,-0.6408959293814986,-0.15038591256789388,-0.642604088368884,1.569918961466884,1.5172242629648163
S0100,-1.7142499563240858,-1.9884020016950292,-0.7885197939170411,-3.2121665671915807,-1.4123443108506082,-1.421328507629474,-1.527758487460371,-0.43548707782527435,-0.2036749928226047
S0101,-0.4671985128707611,-2.1813451265720127,-0.6758448635693298,-1.8281071303663157,0.4428348765635207,1.001006614580795,-2.3947950658440953,-1.0680867950103203,0.3924931462639964
S0102,-1.143723814263381,-1.5117741209674505,-0.2354511314318034,1.4708269286749203,-0.14715637694375244,-0.20908830858118874,-1.034669839476413,-1.0450407081424877,0.348574598180617
S0103,-0.5177711525558385,0.7668737529088798,-1.1137276832259502,-1.8225435008199715,-2.259070743783215,-2.9679122832716223,-0.6157467195454199,0.01346349903201855,-1.3074748341859106
S0104,0.2709206460883121,-0.6774496379307475,0.06074075311453789,0.8746133303251757,-0.3174486610786023,0.42865994056199985,-1.7712587379343674,-2.036255951473789,-1.7081949278638844
S0105,0.23542724751617947,-0.2931206316295239,-0.8514949147733422,1.4457482791469254,0.3024983114653166,-0.07129059982113886,-0.2500713909859744,-0.9799989976215988,-0.5198519536522277
S0106,-0.4165466213402308,1.6270836266741895,0.07980544893413188,0.6605827157708981,1.1644697764576422,-1.1891332004684014,1.0265072240778657,2.292243670144524,0.23007131957531612
S0107,0.07820694492465738,1.9888280587049072,-0.5454791702608192,2.234200126922097,2.7628721874668636,-0.06942359914564389,2.2562492760598327,3.734530983169395,1.1845741000073118
S0108,-0.7094809177096469,-0.3358872945461347,0.10825697699289505,-1.53968033165709,-0.2005887998482246,0.15832946345064433,-1.1216213313757355,-0.30169761507217985,0.18368722645703542
S0109,-1.894752891615841,-0.31243657989200285,-0.34916611267007525,0.5371059787497736,-1.0213808463305536,-1.5444319084464413,0.22232498952229207,-0.5083135148998468,-0.0005954729857368113
S0110,-0.2281803069005783,-0.3812905630410932,-1.1815978199259451,0.352549741021827,0.9098972348401035,0.01261412898027206,-0.8428920074471329,0.022632708491804987,-0.6091753253893192
S0111,-0.6646906284326383,0.10006506260547271,2.4619951059732954,1.1816426190235134,1.9405583417119991,0.11171891422902788,1.4925093782750163,1.093955202080575,1.1132415640356055
S0112,0.18926115865192938,0.34151798731870303,-0.21599073434739371,0.1731162337950638,-0.6718138038675462,-0.6845952688520759,-0.130171854796718,-0.7989316721144151,-1.08203518216709
S0113,-1.0427272800759495,-1.0604151374136976,1.7049677770802527,0.2843946536347499,0.4324904243094859,-0.6261280408309677,-0.2728139433179556,-0.9325289759576192,-0.10666197637708191
S0114,-0.7213302517026445,-1.0565345256882015,1.4072248112741021,1.5096545048347347,0.9971909162083186,0.2768430182651617,0.8605054071648582,0.06355908257928239,-0.2642683787824712
S0115,-0.1442293031579438,0.2738584138798099,0.5107406675404668,-0.1245994051274105,-0.8319212556153388,-1.1840942279715878,1.561126857111371,0.545095895555456,-0.21477604676600598
S0116,-0.9742484100032345,0.5555480212973012,-1.564317239195084,0.6307300972679418,0.15452326399224542,-0.6444227893807277,-0.9399213497507757,0.6946691091201906,-1.3203943922384833
S0117,-0.03301980639670387,0.14599340584297574,0.07840893295406323,-0.005501874136633972,0.987847939271624,1.2564046055423435,-1.515765755960424,-0.29340850294929754,-0.73082648466221
S0118,0.8952121339100575,1.0695332117491196,0.03270618784983896,-0.06177314504728382,-0.5470211911257042,-0.5291585902536919,1.6251524774052655,0.6269434039316368,0.6655901042722459
S0119,-0.5606871960361923,-0.015117392228030796,1.444340728901026,2.8366223806981896,2.700864407241691,2.3351817074353787,1.5679677900476985,1.540009212332673,1.647666503147049
S0120,0.9330912478809298,0.9732410359833843,-0.06505154936741528,0.3608092527626522,0.27864112427254945,0.8485842464009508,0.7708235024259128,0.19007684255215934,-0.015483705354475352
S0121,1.2385168140756249,0.283263244368177,0.6578660009199482,0.7050984834124339,1.463878013822013,1.3578280455898655,0.8367474304947251,0.8030447140240977,1.2871682410957606
S0122,0.46322148094611537,-0.38569108730870594,-0.624794648235959,-1.4247719046174026,-0.8192863518860352,0.41534648690945364,-0.7533315692784174,-0.7672480736544303,0.3939896203161268
S0123,-0.7857783961239045,-0.01946362225048001,-0.3836499139250704,-0.7370501705159148,-1.580588365012573,-0.9445975304666905,-0.38030677702543747,-0.8638721622558001,-0.32518808462721427
S0124,0.8148007037940743,1.3478904090209123,-0.23568871175839962,0.08171676070032341,-0.6136969286882239,-0.2945216970739588,-0.47505582550689407,-2.3524752309786394,-2.017253606679942
S0125,1.9502769674700264,1.9794949226681435,-0.991593318365592,-0.8471864377360914,-0.7626264320584681,0.45996043807395814,0.8424507241659936,1.293406398767161,0.15321742656058035
S0126,-0.5542623610003882,-0.3418981063623304,0.6942612460054306,0.3831460384339296,1.1052000886890592,0.5263450187477036,0.46744145613467925,1.3778706820937738,1.8832388549019023
S0127,-0.9930908814084768,-1.2378129489733412,0.8197199520480561,1.747807419957716,1.1820314418448383,0.7726858320713543,0.20121361589237113,0.5525652615933688,0.9996503250259847
S0128,0.00032361718760018365,0.025755682729799195,0.20886893364965814,-0.24879251135891806,0.04995174652116238,0.14621914235212982,1.1559725240075716,1.0272801694885774,1.2870180018112085
S0129,0.9855722198345506,1.2762457374722316,-0.645956080200785,-1.627874902750727,-1.6290661153825237,0.18029517883648596,1.2539762325379042,1.0591453543589398,2.2602536016291555
S0130,0.6991990345817546,-1.8206757755011003,1.6514411455159872,-0.44526014660412866,0.1902899862306982,0.3603504691112927,0.2922423125198794,-1.4262740889572143,0.06867726206780464
S0131,0.7870755882658538,1.4067508551102448,0.047024093950655654,1.7199252234485687,-0.3550712471956679,-0.5782837833225457,0.5985920250626254,-1.1651174610313595,-1.1020546451391535
S0132,-1.1463552133811776,-1.951842714225366,-0.010521113452991587,0.017383059134803147,0.49152987709484197,1.39864598709969,-2.074727399182804,-0.7266005961484949,0.13305418930637122
S0133,0.05910927836185631,0.14588816860632478,1.0877234781171492,0.7651383413141956,0.31997444479369685,0.18492301710064893,1.074828954841711,-0.5771820243495109,0.05363059297230985
S0134,0.5896931239979328,0.7041679519408348,0.6611235738826944,1.0659386665229165,-0.8875041383572103,-0.6101291094001662,3.1725694432275784,1.1605382875051309,1.5234009341063144
S0135,2.116064094448295,0.782799017622446,0.8590054971731937,0.3260969095791657,-0.06567757716895273,0.30230155421258487,1.0387074582793883,-0.5024156770528814,-0.6410433908473638
S0136,-0.9340550516144064,-1.2024201601618951,1.8062010709111243,0.5958703112899586,1.0902709350944806,-0.2688370999854009,1.1506228333083677,0.9740657548773659,0.9298829599180533
S0137,0.9125216741798353,0.6537617989509992,-0.16736508675190898,-1.1289224415232226,-1.1345010552067758,-1.2521104644978602,1.3635995224854414,0.15815610583673573,0.14827910692910615
S0138,1.2490669253959767,1.4821818902059465,0.5280164582890894,0.40832372056233346,0.39635790003271265,0.43208877734719375,1.2068208481795444,0.391238972427165,0.28994593095298554
S0139,-0.19712317059012607,-0.42322527985826675,-0.5023280374723132,-0.553027627309714,-0.8120687028910649,-1.7960129470979647,0.5907089658859189,0.6233324663363671,0.4561930198548174
S0140,-1.1854190076552222,-2.927391472283153,0.0287597075376419,-0.6220855995108198,0.6354530285051665,1.9850566464942034,-1.3966634652267516,-1.0006639317151118,1.181157300208826
S0141,0.23213293698787493,0.35761377049495946,-0.6192187456267569,-2.073529009568519,-2.0680622337694095,-1.4664460115586988,-0.22134782869255482,-0.44649291234211497,-0.5811695126724252
S0142,-1.8093629102453352,-1.496741030755297,-0.6675896368662789,0.5900796899247999,-0.05150390392151816,0.337809595332092,-0.08095762205640836,-0.46812478250610634,1.5537546441833423
S0143,2.506196654087446,1.1293831864310162,0.6125018958715992,2.798372754834784,1.6313870609794343,2.5632208113123722,1.9700757511070768,1.5782680762822934,1.9009820005897422
S0144,0.8916550654025345,-0.11607676219274084,1.2949349769332972,-0.5621750939412001,0.2596461059531455,1.1059808879606505,-0.6094960848780546,-0.8158412719253163,-0.1959358808546863
S0145,-1.1613589555288382,-1.2274794297775182,0.32381810395772,-0.708016060684789,0.2767715979271438,-0.7495010714474943,-0.4495067766549449,0.2164227840909474,0.16995006176576158
S0146,-0.2530876449303704,-0.39011726841623107,-2.9041667713157127,2.183434325534858,0.47131226219742467,-0.14023704087373268,-1.197278231305127,-0.39774928561362527,-0.5495932828158123
S0147,1.0369587806070233,0.7372567592318348,-0.19543113361362224,-0.2391015628538326,-0.38967139191979716,0.9987733666887387,0.2886166787955803,0.9296205048962229,1.5321449429091067
S0148,1.549567232112457,-0.14854643064035417,-1.1042888624412324,-0.5070878033924592,-2.1524240263351633,0.009266765803598531,-1.1840953304017654,-4.051829782254032,-2.6180002649841145
S0149,0.11187432602968181,-1.6862500516310082,0.8075960981878756,0.47104292187435604,-0.42541704644537737,-0.24709911909176815,-0.10836651409834061,-1.3175756619514867,-0.3480576848737716
S0150,1.0326422491095315,1.6073866602397133,-2.084132901628826,-1.1865801292185758,-0.761643449723072,-0.7822940543598935,0.3819688743238094,0.9947257328055659,0.027916747434934025
S0151,2.147552263074208,2.0282627032667024,0.4949381350336405,-2.083899161811617,-0.8215633339631914,-0.6629174115165819,1.0575644071850654,0.4594986804759601,-0.45425783509589207
S0152,0.8880891834437532,-1.3594832275778772,0.16911733543760255,1.1305679427383653,-0.8738489953592761,0.10867572774708054,-1.0066510529232142,-2.819967058669984,-1.3000564068567264
S0153,-1.513946366354963,-0.7763886709400188,0.059965339433603826,1.0953115031145209,0.9674741901426678,-0.9199450972306429,-0.7399756660415594,-0.1474756331584068,-1.1303665325140888
S0154,-0.33970500023893113,-0.2766067710425032,-0.7427618712898152,1.3519547853120937,0.22693592271206636,1.1444318338357693,0.30479537653293853,0.324142328784132,1.8374137885009338
S0155,-0.38528240981291545,0.3053120575836964,-0.07062163532612895,-0.2638674558610291,1.3321959215484622,0.3535623826098422,-0.6002023068404605,0.6221369886628703,-0.48252065752026196
S0156,0.6483911676027598,0.26006728436679366,0.04228561235570502,-0.6903446617440309,-0.8021465814025011,0.1590864936163569,0.40110372397083915,0.25559597404977213,-0.030654429357839977
S0157,1.1255135400503773,0.8047649518291462,1.399613190470989,1.6643066489616751,1.0955880668059317,2.617640470609713,2.3794407945882043,0.9586856862020683,2.8961301249898055
S0158,-0.31675865362954747,-0.5913321829212463,-0.1365966474080525,-1.5405602464208175,-1.09210084433239,-0.16401809382314927,-0.697923551159396,-0.08149414484485873,0.5557343034744171
S0159,0.8099098845522416,1.1895963705636101,-0.7259788797287098,-1.1834613364241666,-1.5159440899280705,0.7103612696162659,-0.17629798034347025,-0.6590389178952876,0.9810823303922327
S0160,-0.9046524247667841,-0.6781912587317231,0.3780567813638034,1.0887854823170835,-0.1784773593159371,-0.35657377746686425,0.8137295755811345,0.8441684598533374,1.8133527472407545
S0161,0.8544748205162568,1.5469613203601198,1.656756806399232,-1.8942259069597494,0.2986107941237086,0.4435652544626243,1.0021313416173567,1.3371151022391485,0.48403175166260504
S0162,1.1431688992635205,1.1248909459702483,-0.6862445114118657,1.462445138162244,0.5353881002792067,-0.7324821457522521,1.5183592425188719,1.9572821775340719,-0.42204651981685887
S0163,-0.3655638550276784,-0.58658949954391,2.28672977411174,-0.4840811883220909,-0.33804331514096253,-0.11961211412771083,0.7114297788083122,-1.8032255050423123,-0.4884223443179235
S0164,-1.2217615725963908,-0.8837307974930041,-0.8245541198664261,1.1916157217068943,0.5102423899807597,-0.9051980138048493,-0.09394242457153912,-0.1066668539471689,0.3431639674372291
S0165,-1.6124585319861433,0.32486364894722397,-0.6699875133160094,-0.7150700100519678,-0.8514900195456968,-1.3212342436214517,-1.2321016051798517,-0.09752776790717176,-1.0611483797666252
S0166,1.3873033822674319,0.5228117238038374,1.2104748912680432,0.859894913365044,0.8609612838994518,0.6227437326821247,0.9624289905496289,-0.08234059446752601,0.45788955856321045
S0167,-0.4893596299348253,-0.6245069296121372,0.563587665307851,-1.2647457890742064,0.35134376914844423,0.012953963302811289,-0.30657149981388887,0.5684597050152776,0.328021724831509
S0168,0.7596310989506642,0.23086309895986257,0.7535417034422944,0.5561441300359538,0.9982939389214316,1.2362100633181041,1.4630099753349364,0.6816132852509698,1.0551617960352226
S0169,0.7616434722077957,1.4082450139956983,-0.15733923643600992,-1.4046543532758562,-0.6673136676368965,-0.5596441178044904,-0.476030810834565,-0.8957832233807235,-1.6063544296127397
S0170,0.25707963007983015,0.40030265503234697,1.1876499266672473,0.12291318699387482,0.32819813755379357,0.9697759610422707,0.8382924226761334,0.6169410036417462,0.1338014339581633
S0171,2.172069717239274,0.24332832323548137,-0.6872690545666784,2.2267413163275034,-0.39211820714821943,1.0281336251332365,1.3446288936057675,-0.6977843203924396,0.5471528466402159
S0172,1.3346796292095469,0.30492016762947527,0.19846799716028396,0.0779223637431944,-0.7584589900320351,0.5301682335491773,2.04293261781275,0.47870685980618394,2.029936928880316
S0173,0.2562594225478043,-0.12398183168209909,1.4141535127142388,0.9423210592868727,-0.2840195398409812,-1.2652639082710877,1.4411792639115357,-1.1473384515869314,-1.054260842976481
S0174,-0.017414424270096485,-0.14521451190508136,0.8576725406929104,2.64231031608588,0.8863152220601499,1.0488027911370466,0.4586872205554918,-0.9301038903198959,-0.013005784634757989
S0175,-1.3720624825274819,0.4209111719311802,0.32940367093219736,0.5624408132565302,-0.03759780416908928,-1.7213991857241695,1.465369804647447,1.6202946834572927,0.7878952316375143
S0176,1.328373933471299,1.0382858789793068,0.2427431837465176,0.03849146361540389,-1.324266330385911,0.3566238060671028,1.9783257920794608,-0.2830184275157609,1.1165041975604304
S0177,0.5094960627139304,0.42067745468482287,-1.3440701935356565,0.4096167865059465,-0.30314280987029263,-0.21846313348798269,-1.0498875309942817,-0.3863859571464606,-0.8102606747929239
S0178,-1.0137346538264063,-2.6713311095901533,0.7666931024232735,0.2930242936549773,0.22962698699874312,0.6143871577766793,-1.1116684109145727,-1.5997273714016669,1.0285288747579724
S0179,-0.2913889995825469,0.17670184257531968,-0.9323259342638387,-1.0939706217328162,-1.6024848668804912,-0.5582361255544381,-0.26092407294994324,-0.9679073669367466,-0.20009850981591723
S0180,0.6292020632011462,0.1455547591992356,1.8905581228267794,1.133849182760603,1.7618343737912485,0.044667988833982916,1.0374588631377797,0.35499217455651266,-0.7713815425838345
S0181,-1.215087428838879,-1.0520355197866929,1.1454743721439042,0.030321139924623097,-0.5341120573891138,-1.2885531587244676,0.5733655965233189,-1.1974894932737497,0.11353274641005384
S0182,0.9560464106031896,-0.1588127356964054,-1.3264488441171003,0.8204008770649256,-1.2937245841448979,0.015367098619448571,1.076056786674905,-0.23795069769686739,0.7405615397130484
S0183,0.6522275457797363,-0.516015378534501,0.4093436494042927,0.10526168706229888,0.0176765823077292,-0.4501223929086826,0.22166208784668395,-0.9906146393764185,-0.8954268770873541
S0184,3.1224680709140937,1.8405732701229163,-0.3732708827696543,0.11005428637251596,-0.7596283541318766,0.23834834839857247,1.1331359588670873,-0.957461813110948,-0.48159726662835817
S0185,0.7217096726831622,0.8443607009521471,0.949265900156909,0.7182799088972642,0.9127740832932185,0.5765870442346254,0.6872306133835727,-0.6497502341046713,-0.6098214738960441
S0186,-0.7568160738152026,0.019840364616720174,0.6603977780190452,-0.2647290658756504,0.3921399732666232,-0.0395314528115831,0.8288094087901231,0.6739706973858834,0.28490358698567275
S0187,-1.1025917809402008,-0.534820367540262,0.6605824525868818,-1.2472358539311794,-0.9452379353209726,-1.093738576551955,-0.18376681975502426,-0.9181118688383532,-0.08173101619566531
S0188,-0.11186212107218793,-0.69690206687013,1.571077070468335,0.04796171194191462,1.1220161305950878,1.0612603993478207,-0.7451209594800186,-0.36906508169941077,0.06001572028693383
S0189,0.8768405628227139,0.26354571168741014,1.8483629024946466,0.6492797765996732,2.0835301685480614,1.3847753466124086,-0.4606055424553335,-0.2262996152266802,-0.49631766314386544
S0190,0.6450032774983882,1.5124629558980593,0.9274467413062142,-0.4778985231299727,0.7336069736807016,0.05252512023502401,1.0811733443570273,2.2053687244945013,1.0724520062649945
S0191,0.9734225598039373,-0.24080228064999243,0.1466960983112755,-0.2841772965401719,-1.8700661698442311,0.48788491623386365,-0.06163631912447373,-1.1165202635845939,0.1030744047621022
S0192,0.6514846401781793,0.2669687675539132,-0.033932320214667314,0.7817178199719191,0.10504525482590227,0.8076940896581963,0.3680818980380989,-0.08605763513361858,0.509100931406391
S0193,1.886326296547587,2.400235042493109,-0.34420083366939813,0.467455989649979,0.5527909007616157,0.7012526578024296,1.662652245477161,1.1496066213578082,0.9120117996379942
S0194,-0.05839304881712257,0.2557313886259093,0.764069067042697,-0.9637889123334934,0.7463647606968531,0.5393893291057528,-0.7561500454804508,-0.0001569054604806941,-0.596064262141063
S0195,0.4610253371782608,-0.260103809712902,-0.8152873734274693,-0.6199275605868506,-0.8842425962355314,0.11092621416958978,-0.07587976814625888,-1.141494175455972,0.5451460142465753
S0196,-2.373454745292433,-1.6982990235754538,-0.3246148935994031,-1.5691146269834255,-2.311254733167531,-1.8414006100103726,-1.3423998748661752,-1.1979898476212594,0.20745565077537975
S0197,1.2354176578702125,0.9829063854163019,-0.5974267124518411,-0.015002305291593632,1.8877302265779925,0.5032240829899017,0.2778414850725198,1.6023038863590229,0.7100535766858644
S0198,-0.2594787609851008,-0.639755931098863,1.055787281739361,-0.3658145660352595,-1.2081043506800866,0.03542573217740827,0.6452456411653119,-1.0364191033151795,0.6632858560853139
S0199,-1.1696882939322997,-2.020374160956508,0.902379967645187,1.0981822249621018,1.1770236122302207,2.224375865463015,-0.7310312468004152,-1.1196856878897303,0.6991672058261515
S0200,2.386060892344705,2.099810320927058,-0.10489752223433607,1.3762862133921792,-0.7837139275486121,1.031594056746335,0.9888926216593116,-0.4637677614068439,0.10465354351071102
S0201,-2.3618127237538458,-2.181913787787837,-0.06581290410541399,-2.8613613888459737,-1.4932706102884596,-1.091848983189929,-0.6097480031149077,-0.01428002969112771,1.2682560057635133
S0202,2.2921022085210168,1.7198524847519814,0.017217048468726848,-0.3167816888446839,-0.44193441097014075,0.7065805092535906,1.6807791881718972,0.680110375959622,1.0391087354952253
S0203,-0.36485660867381353,0.05841775819470518,0.9684400342447422,-0.009000084568748123,0.14185620168549684,0.198979063325813,-0.3640186486868125,-0.29328260619840285,0.32416741849809677
S0204,-0.29274058557333515,-0.6763387751106701,-0.3615051562726398,0.49772497306571145,0.8239228552216924,1.0953573904663974,-0.6025430606572456,0.2791304013102849,0.4609149334411571
S0205,1.513142610293682,2.0864183707524866,-0.025482121971992483,1.198968661896251,1.3764293069552824,1.401133218579115,1.6342932734882158,2.2932483401382173,1.1758718481636852
S0206,-0.08427842107058237,-0.8173349054380982,-0.2368375816438206,-0.6557663359935365,0.21138913338020535,0.9628478453783985,0.17787234370610008,0.42840160565885094,1.9546651663476238
S0207,1.339248493253162,0.9957222051294685,-0.24485853330569549,-0.2813836161012909,-0.40147142499940186,0.1472612013518762,2.27326604116527,1.1418656647814944,1.3582838009788987
S0208,0.9237849627788784,0.5202157806443709,-1.233910919818065,-0.7710778441303157,-0.40297486831890184,-0.40395326741352,-1.2399954778229403,-1.0987756042820012,-1.2035392935125622
S0209,-0.2855909395595867,0.8877606013332564,0.5195159584506981,0.8413015382376243,2.2156313965702106,0.7813702150956828,0.7791842817459612,2.2487456913887462,0.8881540657835832
S0210,1.587747321624429,1.0486656966984902,-0.6654098928915229,0.6848861303796362,-1.2255208581525976,-0.40965082957440524,1.3169805336786249,-0.6655507451585447,0.01970554260994778
S0211,-0.31240054125294686,-1.5444550531348893,-0.9294288089639439,-0.11805175525103387,-0.5899139108651794,0.5187049094914944,-0.7764435743325924,-0.6559556232494153,0.30266721017733783
S0212,-0.3772465977935783,0.7110237280914984,0.4739052305904762,-1.4796974786360575,-0.6879429806786338,-1.4651155865749967,0.5852738844448678,0.3419647788578926,-0.21532724088256633
S0213,0.916738886168085,1.2703811823763889,-1.376555937892065,0.33219079774437965,0.5597711347196737,0.4998456201291834,-0.3555710288683629,1.3742929905968373,-0.30746459113364344
S0214,-0.5877904557392316,0.21098351728708725,2.013633997216912,1.3411679769906486,3.086842880437295,0.6809919525176591,-0.40181766899558463,0.745662254652273,-1.840551337032908
S0215,-1.1859795399450546,-0.8499622240675033,-0.3072407162774957,0.5802303417644905,-1.2235816062134584,-1.4907133376437118,0.9062079953968619,-1.0984961990664892,0.607001197617205
S0216,-0.971114893563201,0.051617633598619234,0.6780670505264936,1.0764346560151639,0.6602975654239337,0.19247831642670143,-0.621517721789853,-0.34550277577068333,-0.24972999977343788
S0217,1.228003720024086,2.2636621030339663,2.201924803020694,-0.09519428417097966,0.8791451999981383,-0.42189808891264724,1.5241181592230237,1.1838153882987994,-1.282558545492906
S0218,0.464014795256799,-0.8432096950151204,1.1487483802318754,-0.5721164737234387,-0.540846438995111,0.6775806613133046,0.504220298815233,-1.0146928982103836,1.5510830053249374
S0219,0.05042268143723705,1.0853610260183795,1.3708665727962048,-0.9737882869940018,0.8039587533124777,0.5022318250346233,1.1352385803865475,1.7817058192100337,1.098203046891492
S0220,-1.3858301042136372,-0.6722965679338113,-0.8354868157829678,-1.2569502619285413,-0.45161325094697236,-1.1600359203619683,-0.7883394430283304,0.3048092914120846,0.11798036941792633
S0221,0.3556873084937129,-0.07559959323924628,-0.8468610504608237,1.5319885421469748,-0.7203671180948401,-0.69088044988937,1.7325025386837998,0.00581336712656863,0.25617089255417225
S0222,-1.5296358282668754,0.3246236992512616,0.6556656596414092,-1.1136617828201287,-0.21462655003942815,-0.9492239300201847,-0.42131366760442995,0.5222674968249157,-0.16701346522581922
S0223,-0.6768300571416737,-0.9081319491075776,-0.586996466148199,0.22480463152220767,-1.2252260548265685,0.0055098117085704,-0.031934850893552885,-0.5771896461315009,0.7580275071433824
S0224,-0.6613951246159564,0.514442117742751,-1.0766377007613905,0.19849577282024938,-0.02710460092114947,-1.210903331687898,-1.523552043736172,-0.4632183130314379,-1.1485653732669605
S0225,0.04239651929397131,-1.4756806699110427,-0.04920057084399457,0.009575797807513137,0.1221628431551817,1.0736038559482954,-1.1885480394269263,-1.9091900524278376,-0.1509388849633403
S0226,0.16089618634687636,-0.18852120461714753,-1.0980695673456,-1.4490161750868658,-1.3469278009952814,-1.85955038115954,0.11934727304669573,0.28825467191010273,0.4786001259530076
S0227,-0.2468132443827167,-0.18283147239256226,0.39891595199120944,-1.8556710343367242,-0.014758073695443158,0.8380042780933379,-1.884376825565504,-0.41569154213004395,-0.19198031998774862
S0228,0.21415590675928445,0.14864699600531184,-0.5198237124513385,-1.067678506124721,-0.8400540368924576,0.8557623427554373,-0.49840412099700593,-0.741406249970743,1.6521832472650995
S0229,2.2209247728543953,1.0802868663669793,-0.24627821251234705,2.4369360314830946,0.420946988391639,1.8567515010066447,1.4613552257356273,-0.574158980886073,0.6913646608759227
S0230,-2.824684823090044,-3.18402131222461,1.8859514062079428,-1.3019226295534432,-0.6492345654392758,-0.8049185238934676,-0.7733181923334925,-1.076620287689977,0.7657420041727648
S0231,1.3672883283461756,2.184588791296671,0.3934331939161153,0.6384081995551671,0.8186485495041669,0.99848557769701,0.7497765865021132,0.6987214117620539,-0.8037443550093276
S0232,1.5412709909089453,1.4984789687990112,1.7055522614719947,2.7873056976905968,2.1590699617392417,0.4371241221153801,3.0796728320684,2.4661508527975244,1.0484188319988323
S0233,1.500624592322308,-0.4159930597829394,1.0635581146599131,0.810410504486267,-0.058857385165045115,2.2390988787023627,0.20115614590229602,-2.1446450089442153,0.25813338965654187
S0234,0.06255474005424927,0.11432581893576885,1.316262089257549,0.3584577167874522,0.3907599916879465,0.23737558302155792,0.2056266969298045,0.3214322636702243,-0.15432895373504452
S0235,0.23867779232553635,0.8812672004278366,2.1170786921139646,0.2346040049938584,2.0578304764752624,0.648669472277582,1.3480105652902863,1.9001250064191304,1.3740632211308017
S0236,-1.5767686417681384,-2.3947279870356617,-0.9095562571890389,-1.0047406962221512,-0.010037677555295499,0.5123548007050884,-3.238430059878056,-2.778766534431308,-1.4972278698668116
S0237,-0.1681559841129032,-0.15513588904359438,0.7996541400804843,-0.6528139598675955,0.6681604315119243,0.25871789695430814,0.5634649020481307,0.4286988471345902,0.29886456352789037
S0238,-0.6672691181788097,-1.0815653669176344,0.8996476621580503,-0.2110515497352234,0.7449660791940317,-0.2557885861457084,-1.4822311909781087,-1.7549603875462865,-2.2056724029520893
S0239,-1.1138140806922505,-2.7349976613907696,-1.287133793885664,-0.1761070426734662,-1.5099345774504458,-0.4080796856332664,-3.3300870944240724,-3.902839290328197,-1.926067617840523
S0240,-1.0248785071169757,-0.9371781179722589,1.3594773271984884,-1.0856671568586844,-0.37051816688959155,-0.17574369777095422,-1.6845127235849866,-1.6905313532515396,-1.866151792094969
S0241,0.510452793978957,0.5578093006914346,-0.5282497582111627,-0.35875411451565964,0.16163554686895074,-1.594780166696492,-0.31335854938420604,-0.015547097290715017,-1.7058759294413535
S0242,-0.48404051923447544,0.9397819173574968,1.229561919894032,0.03527911739946657,-0.007201759367834681,-0.29145985289530124,1.2439649658370415,0.44708630980568836,0.22364194593276326
S0243,0.10177857944850918,-0.2225824341414735,1.9839999594277282,-0.42611145888218893,0.612129819263993,0.921317354710134,-0.4094004224409262,-0.5255769486601196,-0.1025057019488369
S0244,-0.07716574323906428,-1.4703792347693192,0.5356138728311598,-0.08544162617927734,-0.1695507601441939,1.8041242138471154,-1.6784295373564766,-1.6017021693491407,-0.0396044137051888
S0245,-1.6598324682430572,-1.4182743574529346,-0.2784447240602052,1.8354959039768919,0.17492720682859286,-0.07012513081179134,-0.9718074424995934,-0.7599059140252467,-0.08749673984224776
S0246,0.6126399434661189,-0.1954726007190511,-0.7101884132844528,0.20184039646835825,-2.697476237474101,-0.888757277285169,1.4856717180644818,-1.4922985689106878,1.7263177497261228
S0247,0.48751544224994536,-0.34051642416783734,-1.2796597468061381,0.6893283213433319,-0.0014123383313602023,-0.18712194768675663,-0.2742370139814164,-1.3194698766684085,-0.2843478381947328
S0248,-0.6678740353410305,0.1319841772210711,-1.4850848128713992,-0.7378404372521482,-0.6031410253663188,-1.080267070513233,0.7474494472275677,1.6762099792722918,1.9669750189215536
S0249,0.10944804013027562,-0.0273981467140422,-0.5509707568806608,-0.3275255373599228,-0.8541760859675319,-0.4292865787746221,-1.78348061686575,-2.01244265907386,-1.8138944298316038
S0250,1.1149957122185006,0.6216993207630503,0.05062264272132855,0.2843217859675069,0.22861350855817517,1.2106175496487994,0.3688042731266028,0.938069202540778,0.7781773238524297
S0251,1.2677194286547444,0.6497524261194019,0.17295266891563651,-0.5792135799179866,0.01353790561259785,0.2396302931492955,0.6276800645726185,0.18167227253543244,0.27479453066557213
S0252,-1.1060609114728972,-1.241431393265023,-0.9458070968610014,-2.449863253349626,-0.11302952028373198,-0.12266841196048123,-1.302627698650612,0.24623171780334488,1.0065321527862576
S0253,0.34969423503197483,0.4022359728688875,-0.5955073566112438,-1.3438441085449266,-0.7754833695486228,-0.846258337168818,0.6541937235945304,0.16715476294278364,0.7289307850173736
S0254,-0.2317717049410882,-0.28283352231281006,1.786076430013034,-1.1316020195024554,0.6083323071158603,0.8023310988280095,-0.27999744132378207,-0.3591009583366691,0.27804893344045734
S0255,0.48742381400711277,0.7484232228851833,0.7457706586399292,0.8436036067191902,0.8065133188447855,0.5961622042252344,0.9245822454985506,0.9652487181346003,0.32677770195251715
S0256,1.9992460996131804,1.98490678197685,0.1334531816728024,-0.6381220960445728,-0.028876913492118544,0.17673320825881192,-0.15571189838692054,0.10387513853321403,-0.928412579124735
S0257,-0.24875610900836106,-2.034524568090909,0.528796058227766,-0.8807953593265236,-0.5414667279731005,0.5685966987294392,-1.3374636580851549,-2.3138047749890727,-0.24693845764911931
S0258,-0.25274996411307527,-0.9527526891232438,-1.9700976711865847,-1.9127885883940277,0.05058956120721628,-0.2202249669971686,-2.2956210288221524,-0.7313258539884664,-1.0652025852830613
S0259,-0.6005614575542901,-0.5515170588719402,-0.3505903563471202,0.3012609015482798,-1.5822583999204385,-0.5289335332120904,0.27139324336326776,-1.0455749680497655,0.32111074741587
S0260,0.9850621227044242,0.4111847190805196,-0.6984631838326051,0.24731029320552964,0.18763516525057117,-0.4393397431379119,-0.029398820619005755,-0.746761200876058,-1.0921996022223823
S0261,-0.211373389935383,-0.6243152599135193,0.07961831246000203,0.013978932364158259,-1.3060836255988928,0.10292982669582496,1.2866254613889023,-1.3731682358214643,1.558598590409181
S0262,-0.20554023647154224,-1.1130990648046302,-0.9842141927833769,-0.7448284875311211,-1.042232783525118,0.8398791718399263,-0.1342259792914865,0.48414372678677425,1.7317769870562776
S0263,-0.09114624386931583,-0.5462885854423991,-0.8540035345461172,-0.7327329957009059,-0.2896141091517954,1.3757378785963446,-0.7664961237232977,0.12426268803773347,1.2683294966707388
S0264,-0.8675940245101051,-0.697196042679624,-0.597714110834463,0.36094465803374254,0.15168251281168296,-0.8181866156258829,0.11060823112462936,0.9152234106736352,0.7812012388672
S0265,0.5099967711028647,-0.7189161197887148,-0.07500664476952862,0.29356182187580027,0.9084756124055268,1.195492803230562,0.8093103420292519,0.36582983328134805,1.7251901214686483
S0266,-0.05578899336148235,-0.8513003899571616,-0.09170736886627368,3.259805816022649,2.783428473911702,2.5722966964274034,0.06407228344786445,0.7242632918312941,1.532176678388113
S0267,0.18393255019160493,0.1805573578267839,0.8966912870750591,0.0005769629970202583,1.7259017457596715,0.5841213189743915,0.7014074024615656,1.5684569803384047,0.6549638767646443
S0268,0.350056033254199,0.1978194308245784,1.123324488722209,-0.7842608108486804,-0.40348713942748965,-2.2532687011356756,-1.1097082323554357,-1.7078855596735707,-3.1689683753559375
S0269,0.37634865967899356,0.538150676511066,-0.3480134343962499,-0.07352864397189832,0.8973716155622371,0.42410293953787603,-0.7770870224529727,0.19860242833791325,-0.4545249656513313
S0270,-0.30018717226992564,-1.1676747843938267,-0.6488329192020031,-0.8106229033122132,-0.8269565213612766,0.2372467881838117,-0.8872907895898563,-0.6696941135621695,0.5580724163559746
S0271,-1.7255827373897676,-1.2796388021890086,-0.02425525652812313,-0.5740465627688773,-1.214146450880941,0.10393505573512984,-0.9907782724820487,-0.8310395210304734,1.0248901463477098
S0272,0.8953921420702258,0.9678032889574821,0.4458615651609532,0.9326026011360325,0.08861201567213192,0.12703158337154108,1.1341114574251367,-0.4074078191888274,-0.6562011149868332
S0273,0.41887943361042634,-0.49287242718932806,-1.0599925960107393,-0.07336322840803988,-1.2843109797963717,-0.27124436794836293,-0.1651788517179104,-1.937981186289358,-0.37269412527029927
S0274,-0.5857557424897655,0.055828491485229004,-0.4849299197273996,0.16106621855779465,0.6380291700804794,-1.0059348596978555,-1.129658384242544,-0.1775862467499823,-1.97397171801893
S0275,2.4084443812742125,0.9259523645434813,1.3927446061173905,1.1585424894259928,0.3851234988577429,1.4420717655155426,1.890076593538311,-0.11544296830378392,1.0071829965567305
S0276,-0.19164406575328033,0.02567536069906501,-1.6927163252450979,0.06852021791185804,-0.8497687853440063,-1.1156106035799362,-0.4462433820655003,-0.1024683558964291,-0.02067070093678025
S0277,1.8503807459599382,1.4232366243473475,-0.9059382284935794,0.543035287278778,-0.34896304938762773,-0.1921497610409648,2.42019721404464,0.8987814311227162,1.192026790193792
S0278,-0.5391716106318237,0.7331000679345192,-1.4056739322700023,1.6039985893639463,-0.6128343501172906,-1.8098118092297728,0.6143919989199313,0.48847587408882354,-0.2585867595772098
S0279,0.2225669521480746,1.0925992401892908,0.34744954215438667,0.04107021755557064,-0.5522174735850505,-0.17928006497149837,0.4913363534274213,0.1691440638099857,0.45075645369832695
S0280,1.2003240094722984,1.6978159418413532,-0.7856331771802659,2.3173169718652145,2.378275136737656,0.8274695784957067,0.2065626943521912,1.1485217975626454,-1.3881010547985495
S0281,1.6898219279758657,0.04220534516731867,0.5508936847524772,0.27150005415523343,0.35157228497533755,1.2447786710639774,1.479391147463022,0.8970215041430181,1.5478040455829103
S0282,-0.20058128530843386,0.4355222249230139,-0.44983366319934015,-1.8200561059644924,-0.4405738571123945,-1.0491244680317686,-1.182361158029098,0.4524436023757385,-0.36993660945943746
S0283,0.8824978043241029,0.43960595900515925,-0.10797839786905247,-0.009874438567572086,-1.1499260426400135,0.02040350211744521,1.4144386694150894,-0.9818062413303201,0.8854412920452206
S0284,0.6852127555287256,1.6782473005033667,-1.7875315827850968,-0.5929008013633773,-0.7264159331167472,-0.8751622477780827,0.6281639732820112,1.1847924239855492,0.2977844478700927
S0285,0.30721917622810224,-0.049454049805298606,1.1325605844854654,-0.6709117862900777,-0.7301114164690686,-0.17119377227141364,1.7708591600059467,-0.6682747429393323,1.4262494867949775
S0286,0.27277773033487485,-0.09726376005351398,-0.6786023389579592,-0.3478800489303054,1.0026395675401227,0.9512476543643942,-0.08048036536791062,1.1856781499028233,0.7115184697262676
S0287,-0.03541566435307775,0.23791329889807114,-0.09807808685177216,-0.8662170864492365,-1.6135335234760217,-1.034460645245609,1.0573858415693012,0.4566890855981132,1.405161646538747
S0288,1.1302684123190112,0.8137597024711871,-0.01873838651839657,0.22946299026723843,-2.029090902511176,-1.0193208559521052,1.6368983199201104,-1.0109123717155446,0.5864250022339093
S0289,0.8590035616064419,-0.00617956105405704,-1.171465534996657,0.19706955182288852,-0.9883876638448145,-0.5478057502310084,-0.1386644239633933,-0.6309351169666364,0.1842903904114649
S0290,0.028958037935032432,0.09450172599768161,-0.5652835703058021,0.15510587572853718,-0.8375104827799155,0.16420285151119557,0.3148173726098355,1.1583028017602264,2.0435441061111157
S0291,-0.8190422854285618,-0.652078761102858,-1.3283819770773784,2.5103037356768656,1.4039723207469548,2.141026240268272,-0.9005544916415066,-0.378727112760084,1.1372694844776265
S0292,1.764263436378292,0.9257088256232199,-0.5000001135746122,0.416828066908937,-1.2911293912657662,0.864829497428989,-0.21268578970262433,-1.3435784332655576,0.29121983378130656
S0293,-0.49022025014850784,0.461155628378577,1.434165508855341,0.8493828664070273,0.8029978582611184,-0.7545784845745374,-0.07429412492933188,0.053273665659184344,-1.6803628603319916
S0294,-0.7005711560008552,-0.02449064016925663,-0.3520591105953518,0.2758518507785883,0.26130198865950693,-0.3981070119719653,0.7807778648582153,1.2283274936550612,0.9571226672107411
S0295,-1.3004928251842562,-1.4080592184198502,-1.3095296582316802,-1.0978391964709113,-1.9828525485635293,-1.7753899420522985,-1.15775008608152,-1.9341565891374304,-1.7600276296962063
S0296,0.8883171146505945,0.9087537184906943,0.4660355003033164,0.024184008030489174,0.7903989507978735,0.8347975324578407,1.627211366003121,1.7239121510471886,1.2273534865176683
S0297,-0.38122525284632136,-0.9849681940701288,0.8497409441774226,0.5090567499409383,1.0726566106518818,0.8532288110603357,0.11238804088264129,0.10277092738823324,1.0349678787615213
S0298,0.8873346044154062,1.9780705212151628,1.210540641753262,0.46922433289369403,0.8150228560052084,0.3993522662592408,0.6426590687010227,1.9281603378951753,-0.4139208685478279
S0299,2.180986959540154,1.6289874167419187,0.6369866706057716,0.21470504463634782,1.021486829571349,0.5820817508092045,1.6713884652792563,0.5747324627379191,0.15424008103610945
